{
    "rmse": 5.748205898903455,
    "r2": 0.6891820320203794,
    "mae": 2.4418501354780546
}